employee_id,first_name,last_name,job_title,facility,phone,license_number,license_expiration,hire_date
E201,Sofia,Reyes,Registered Nurse,Harborview Bayside,718-555-0201,RN-551203,2027-05-31,2020-03-02
E202,Marcus,Bell,Certified Nursing Assistant,Harborview Riverdale,347-555-0202,CNA-771045,2026-12-31,2022-09-12
E203,Priya,Natarajan,RN,Harborview Riverdale,(718) 555-0203,RN-552310,2026-11-15,2019-06-17
E204,James,O'Connor,Licensed Practical Nurse,Bayside,718.555.0204,LPN-330872,2027-08-31,2021-01-11
E205,Aisha,Mohammed,Certified Nursing Asst.,Harborview Bayside,347-555-0205,CNA-771200,2026-09-30,4/3/2021
E206,Daniel,Kim,Registered Nurse,HV Riverdale,718-555-0206,RN-553901,2028-01-31,2023-05-08
E207,Grace,Thompson,Licensed Practical Nurse,Harborview Riverdale,347-555-0207,LPN-331455,2027-03-31,2018-10-01
E208,Luis,Hernandez,Certified Nursing Assistant,Harborview Bayside,718-555-0208,CNA-771388,2027-07-31,2024-04-15
E209,Emily,Chen,Registered Nurse,Harborview Bayside,347-555-0209,RN-554022,2027-10-31,2022-02-14
E210,Robert,Johnson,Administrator,Harborview Bayside,718-555-0210,,,2024-02-30
E211,Kate,Murphy,CNA,Harborview Riverdale,347-555-0211,CNA-771502,2027-04-30,2023-08-21
E212,Katherine,Murphy,Certified Nursing Assistant,Harborview Riverdale,347-555-0211,CNA-771502,2027-04-30,2023-08-21
