license_number,name_on_license,license_type,expiration_date,last_verified
RN-551203,"REYES, SOFIA",RN,2027-05-31,2026-09-01
CNA-771045,"BELL, MARCUS",CNA,2026-12-31,2026-09-01
RN 552310,"NATARAJAN, PRIYA",RN,11/15/2026,2026-09-01
LPN-330872,"O'CONNOR, JAMES",LPN,2027-02-28,2026-08-15
CNA-771200,"MOHAMMED, AISHA",CNA,2026-09-15,2026-09-02
RN-553901,"KIM, DANIEL",RN,2028-01-31,2026-09-01
LPN-331455,"WALSH, GRACE",LPN,2027-03-31,2026-09-01
RN-554022,"CHEN, EMILY",RN,2027-10-31,2025-06-10
CNA-771502,"MURPHY, KATHERINE",CNA,2027-04-30,2026-09-01
CNA-779999,"DIAZ, CARMEN",CNA,2027-06-30,2026-09-01
