payroll_id,employee_name,job_code,facility_code,period_start,period_end,hours_paid
P-3001,"REYES, SOFIA",RN,BYS,2026-09-07,2026-09-13,36
P-3002,"REYES, SOFIA",RN,BYS,2026-09-14,2026-09-20,36
P-3003,"BELL, MARCUS",CNA,RVD,2026-09-07,2026-09-13,40
P-3004,"BELL, MARCUS",CNA,RVD,2026-09-14,2026-09-20,40
P-3005,"BELL, MARCUS",CNA,RVD,2026-09-14,2026-09-20,40
P-3006,"NATARAJAN, PRIYA",RN,RVD,2026-09-07,2026-09-13,36
P-3007,"NATARAJAN, PRIYA",RN,RVD,2026-09-14,2026-09-20,44
P-3008,"O'CONNOR, JAMES",LPN,BYS,2026-09-07,2026-09-13,40
P-3009,"OCONNOR, JAMES",LPN,BYS,2026-09-14,2026-09-20,40
P-3010,"MOHAMMED, AISHA",CNA,BYS,2026-09-07,2026-09-13,40
P-3011,"MOHAMMED, AISHA",CNA,BYS,2026-09-14,2026-09-20,40
P-3012,"KIM, DANIEL",RN,BYS,2026-09-07,2026-09-13,88
P-3013,"KIM, DANIEL",RN,BYS,2026-09-14,2026-09-20,36
P-3014,"THOMPSON, GRACE",RN,RVD,2026-09-07,2026-09-13,32
P-3015,"THOMPSON, GRACE",RN,RVD,2026-09-14,2026-09-20,32
P-3016,"HERNANDEZ, LUIS",CNA,BYS,2026-09-07,2026-09-13,32
P-3017,"CHEN, EMILY",RN,BYS,2026-09-07,2026-09-13,24
P-3018,"CHEN, EMILY",RN,BYS,2026-09-14,2026-09-20,28
P-3019,"JOHNSON, ROBERT",ADM,BYS,2026-09-07,2026-09-13,40
P-3020,"JOHNSON, ROBERT",ADM,BYS,2026-09-14,2026-09-20,40
P-3021,"MURPHY, KATHERINE",CNA,RVD,2026-09-07,2026-09-13,24
P-3022,"MURPHY, KATHERINE",CNA,RVD,2026-09-14,2026-09-20,24
P-3023,"DIAZ, CARMEN",CNA,RVD,2026-09-14,2026-09-20,16
P-3024,"RAYES, SOFIA",RN,BYS,2026-09-21,2026-09-27,24
